model,src,tgt,n,chrf++
exaone3.5_2.4b-instruct-q4_K_M,ben_Beng,kor_Hang,20,15.2
exaone3.5_2.4b-instruct-q4_K_M,ind_Latn,kor_Hang,20,28.8
exaone3.5_2.4b-instruct-q4_K_M,khk_Cyrl,kor_Hang,20,8.7
exaone3.5_2.4b-instruct-q4_K_M,khm_Khmr,kor_Hang,20,17.8
exaone3.5_2.4b-instruct-q4_K_M,kir_Cyrl,kor_Hang,20,11.8
exaone3.5_2.4b-instruct-q4_K_M,kor_Hang,ben_Beng,20,16.2
exaone3.5_2.4b-instruct-q4_K_M,kor_Hang,ind_Latn,20,39.4
exaone3.5_2.4b-instruct-q4_K_M,kor_Hang,khk_Cyrl,20,9.9
exaone3.5_2.4b-instruct-q4_K_M,kor_Hang,khm_Khmr,20,10.4
exaone3.5_2.4b-instruct-q4_K_M,kor_Hang,kir_Cyrl,20,7.4
exaone3.5_2.4b-instruct-q4_K_M,kor_Hang,lao_Laoo,20,12.8
exaone3.5_2.4b-instruct-q4_K_M,kor_Hang,mya_Mymr,20,5.4
exaone3.5_2.4b-instruct-q4_K_M,kor_Hang,npi_Deva,20,17.1
exaone3.5_2.4b-instruct-q4_K_M,kor_Hang,sin_Sinh,20,9.4
exaone3.5_2.4b-instruct-q4_K_M,kor_Hang,tgk_Cyrl,20,13.6
exaone3.5_2.4b-instruct-q4_K_M,kor_Hang,tgl_Latn,20,33.1
exaone3.5_2.4b-instruct-q4_K_M,kor_Hang,tha_Thai,20,21.6
exaone3.5_2.4b-instruct-q4_K_M,kor_Hang,urd_Arab,20,17.7
exaone3.5_2.4b-instruct-q4_K_M,kor_Hang,uzn_Latn,20,5.1
exaone3.5_2.4b-instruct-q4_K_M,kor_Hang,vie_Latn,20,29.3
exaone3.5_2.4b-instruct-q4_K_M,kor_Hang,zho_Hans,20,13.8
exaone3.5_2.4b-instruct-q4_K_M,lao_Laoo,kor_Hang,20,15.3
exaone3.5_2.4b-instruct-q4_K_M,mya_Mymr,kor_Hang,20,6.9
exaone3.5_2.4b-instruct-q4_K_M,npi_Deva,kor_Hang,20,16.0
exaone3.5_2.4b-instruct-q4_K_M,sin_Sinh,kor_Hang,20,8.5
exaone3.5_2.4b-instruct-q4_K_M,tgk_Cyrl,kor_Hang,10,8.8
exaone3.5_2.4b-instruct-q4_K_M,tgl_Latn,kor_Hang,20,25.3
exaone3.5_2.4b-instruct-q4_K_M,tha_Thai,kor_Hang,20,18.4
exaone3.5_2.4b-instruct-q4_K_M,urd_Arab,kor_Hang,20,14.1
exaone3.5_2.4b-instruct-q4_K_M,uzn_Latn,kor_Hang,20,10.8
exaone3.5_2.4b-instruct-q4_K_M,vie_Latn,kor_Hang,20,23.2
exaone3.5_2.4b-instruct-q4_K_M,zho_Hans,kor_Hang,20,25.9
